Date,0P00000ODE.IR,0P00000SFV.F,0P0001KO97.IR,0P0001OPBE.IR,0P0001OPBL.IR,0P0001RFXW.IR,DKKNOK=X,EURNOK=X,NOK=X,SEKNOK=X
2025-01-02,1611.0198974609375,41.21699905395508,782.3475952148438,1280.4173583984375,1669.20654296875,,1.5783129930496216,11.78695011138916,11.387040138244629,1.0260729789733887
2025-01-03,1604.1483154296875,41.43199920654297,781.1160278320312,1283.90869140625,1686.656982421875,,1.5664399862289429,11.68628978729248,11.382180213928223,1.0204709768295288
2025-01-06,1597.0728759765625,41.34600067138672,780.6939086914062,1278.727783203125,1682.2601318359375,153.59109497070312,1.5683979988098145,11.69968032836914,11.353050231933594,1.0204700231552124
2025-01-07,1588.60498046875,41.5369987487793,778.6295166015625,1280.8663330078125,1677.4442138671875,154.14549255371094,1.5729000568389893,11.732399940490723,11.297699928283691,1.0213459730148315
2025-01-08,1574.4462890625,41.736000061035156,777.7199096679688,1284.8199462890625,1687.996826171875,154.37840270996094,1.571429967880249,11.71720027923584,11.268219947814941,1.016435980796814
2025-01-09,1591.2867431640625,41.742000579833984,777.560546875,1279.8463134765625,,155.091796875,1.5769100189208984,11.766639709472656,11.404789924621582,1.0224299430847168
2025-01-10,1595.7742919921875,41.77799987792969,774.9918212890625,1275.386962890625,1673.959716796875,155.2812957763672,1.573294997215271,11.740110397338867,11.401599884033203,1.0208899974822998
2025-01-13,1564.01220703125,41.31700134277344,774.135498046875,1251.0968017578125,1675.0001220703125,155.11380004882812,1.5719300508499146,11.728699684143066,11.4483003616333,1.0198899507522583
2025-01-14,1567.69970703125,41.54499816894531,773.8528442382812,1255.588134765625,1662.820556640625,155.73219299316406,1.5678600072860718,11.696860313415527,11.394000053405762,1.0147500038146973
2025-01-15,1577.832275390625,41.53499984741211,778.4684448242188,1252.3638916015625,1683.3609619140625,156.677001953125,1.5712900161743164,11.723329544067383,11.374679565429688,1.0165799856185913
2025-01-16,1567.943115234375,41.888999938964844,780.103759765625,1273.6453857421875,1688.216552734375,156.53280639648438,1.5611510276794434,11.650799751281738,11.305899620056152,1.0145900249481201
2025-01-17,1568.8963623046875,42.332000732421875,780.8043212890625,1283.041748046875,1708.454345703125,157.093505859375,1.5680409669876099,11.69845962524414,11.354789733886719,1.0180200338363647
2025-01-20,1575.8240966796875,42.33000183105469,,1286.829833984375,,156.87350463867188,1.573941946029663,11.7389497756958,11.42080020904541,1.0211479663848877
2025-01-21,1573.632080078125,42.356998443603516,782.2584838867188,1288.5269775390625,1716.0374755859375,157.20530700683594,1.5774810314178467,11.768600463867188,11.261460304260254,1.0256099700927734
2025-01-22,1596.2913818359375,42.59700012207031,781.915283203125,1284.080078125,1717.3172607421875,158.20840454101562,1.5775669813156128,11.773770332336426,11.2846097946167,1.0281699895858765
2025-01-23,1613.1510009765625,42.49300003051758,780.8450927734375,1278.203857421875,1726.66748046875,159.12930297851562,1.573799967765808,11.739089965820312,11.264320373535156,1.024899959564209
2025-01-24,1597.7930908203125,42.845001220703125,781.0828247070312,1276.3502197265625,1709.362548828125,158.5926055908203,1.5737299919128418,11.742469787597656,11.265970230102539,1.0234370231628418
2025-01-27,1589.97509765625,42.83000183105469,783.7905883789062,1285.374267578125,1700.3416748046875,158.9062957763672,1.5732899904251099,11.741499900817871,11.216890335083008,1.0226620435714722
2025-01-28,1606.3203125,43.23899841308594,783.3554077148438,,1719.438720703125,160.43490600585938,1.5788899660110474,11.78258991241455,11.249919891357422,1.02646005153656
2025-01-29,1622.8780517578125,43.18600082397461,783.3087158203125,,1716.07666015625,161.485595703125,1.5766940116882324,11.76753044128418,11.28341007232666,1.0255299806594849
2025-01-30,1633.3753662109375,43.479000091552734,784.865234375,,1724.0740966796875,162.3527069091797,1.57669997215271,11.766389846801758,11.286890029907227,1.0258899927139282
2025-01-31,1612.9876708984375,43.73500061035156,784.4224243164062,,1722.209228515625,161.36880493164062,1.5765479803085327,11.766690254211426,11.316539764404297,1.0234099626541138
2025-02-03,1587.4898681640625,43.18000030517578,786.1788330078125,1286.23876953125,1715.8369140625,159.5590057373047,1.57260000705719,11.736470222473145,11.451499938964844,1.0192019939422607
2025-02-04,1609.037841796875,43.10300064086914,786.5357055664062,1294.292724609375,1708.7637939453125,160.47760009765625,1.5698200464248657,11.717610359191895,11.342499732971191,1.0224640369415283
2025-02-05,1598.11767578125,43.40299987792969,789.5079345703125,1287.1568603515625,1712.5048828125,159.87559509277344,1.5637619495391846,11.667799949645996,11.248700141906738,1.0239499807357788
2025-02-06,1607.0372314453125,43.78799819946289,789.465576171875,1298.0811767578125,1723.43994140625,159.58419799804688,1.564560055732727,11.672750473022461,11.22311019897461,1.0285420417785645
2025-02-07,1601.053955078125,43.94200134277344,787.9228515625,1312.2530517578125,1711.1456298828125,158.7218017578125,1.5599100589752197,11.640430450439453,11.207850456237793,1.027843952178955
2025-02-10,1599.298095703125,44.071998596191406,788.090087890625,1307.4112548828125,1713.6424560546875,158.67559814453125,1.5574129819869995,11.61532974243164,11.26321029663086,1.025149941444397
2025-02-11,1605.040283203125,44.0880012512207,786.0474853515625,1298.34814453125,1717.1513671875,160.02609252929688,1.5493030548095703,11.561100006103516,11.220060348510742,1.026319980621338
2025-02-12,1605.278076171875,44.119998931884766,783.1759033203125,1317.7117919921875,1721.7176513671875,158.2642059326172,1.5559300184249878,11.605779647827148,11.197870254516602,1.03131103515625
2025-02-13,1606.23828125,44.237998962402344,786.8146362304688,1312.3797607421875,1731.8800048828125,158.0924072265625,1.5680400133132935,11.698129653930664,11.25802993774414,1.0353399515151978
2025-02-14,1616.119140625,44.56399917602539,787.7581787109375,1310.2647705078125,1720.6990966796875,158.32249450683594,1.5635000467300415,11.663100242614746,11.149259567260742,1.0371290445327759
2025-02-17,1611.1966552734375,44.57099914550781,,1322.623046875,,158.47140502929688,1.5629700422286987,11.661239624023438,11.117340087890625,1.0382059812545776
2025-02-18,1608.0535888671875,44.7239990234375,785.40966796875,1336.4007568359375,1731.476806640625,158.3551025390625,1.5611000061035156,11.644189834594727,11.105799674987793,1.037343978881836
2025-02-19,1621.73095703125,44.9109992980957,784.6159057617188,1333.2432861328125,1729.4647216796875,158.3433074951172,1.5619310140609741,11.650819778442383,11.151399612426758,1.0399399995803833
2025-02-20,1623.4722900390625,44.707000732421875,785.4925537109375,1320.031982421875,1720.376953125,157.68850708007812,1.5561200380325317,11.60159969329834,11.13047981262207,1.0376499891281128
2025-02-21,1633.6514892578125,44.65999984741211,788.24462890625,1343.030029296875,1698.5211181640625,158.3883056640625,1.5617259740829468,11.651200294494629,11.093299865722656,1.0425349473953247
2025-02-24,1621.16455078125,44.928001403808594,788.9811401367188,1328.864990234375,1691.358154296875,158.56759643554688,1.560420036315918,11.640899658203125,11.113659858703613,1.0451719760894775
2025-02-25,1614.2098388671875,45.119998931884766,791.8310546875,1314.0758056640625,1686.1099853515625,158.22030639648438,1.560209035873413,11.642999649047852,11.128310203552246,1.042549967765808
2025-02-26,1595.5589599609375,45.39500045776367,793.346435546875,1325.4814453125,1691.0933837890625,159.3179931640625,1.5666300058364868,11.680669784545898,11.101340293884277,1.0481959581375122
2025-02-27,1582.8270263671875,45.279998779296875,792.6240844726562,1329.8553466796875,1681.842041015625,157.7646026611328,1.5683200359344482,11.697059631347656,11.152250289916992,1.0477700233459473
2025-02-28,1583.326416015625,,794.498291015625,1293.076416015625,1699.446044921875,157.45669555664062,1.567139983177185,11.688599586486816,11.245220184326172,1.0448670387268066
2025-03-03,1584.6849365234375,45.25699996948242,794.2255859375,1282.900390625,1670.5595703125,158.7270965576172,1.566748023033142,11.689419746398926,11.225150108337402,1.0450299978256226
2025-03-04,1523.4898681640625,45.39400100708008,793.7744140625,1283.4266357421875,1657.914306640625,155.2277069091797,1.5738999843597412,11.737890243530273,11.1951904296875,1.0638519525527954
2025-03-05,1538.0953369140625,45.327999114990234,788.76953125,1282.392333984375,1644.73291015625,155.67849731445312,1.5799000263214111,11.781829833984375,11.089400291442871,1.065000057220459
2025-03-06,1530.123779296875,45.27399826049805,786.6980590820312,1288.6910400390625,1610.6051025390625,155.43040466308594,1.5781890153884888,11.774100303649902,10.907739639282227,1.070099949836731
2025-03-07,1550.9896240234375,45.4630012512207,786.9210205078125,1281.254150390625,1609.75244140625,156.3459930419922,1.5737700462341309,11.740220069885254,10.883549690246582,1.0685590505599976
2025-03-10,1521.247314453125,45.77399826049805,788.9507446289062,1256.9315185546875,1563.853759765625,155.95689392089844,1.5758800506591797,11.758049964904785,10.823840141296387,1.0739519596099854
2025-03-11,1520.378173828125,45.95399856567383,787.328369140625,1243.471435546875,1539.26904296875,154.50570678710938,1.5636759996414185,11.663800239562988,10.75979995727539,1.0625859498977661
2025-03-12,1531.5740966796875,45.51599884033203,786.4383544921875,1243.5911865234375,1540.0697021484375,155.04379272460938,1.5593700408935547,11.631290435791016,10.657540321350098,1.0638400316238403
2025-03-13,1546.6956787109375,45.48899841308594,787.9462280273438,1238.99365234375,1528.874267578125,157.50439453125,1.5515079498291016,11.574000358581543,10.631699562072754,1.0527310371398926
2025-03-14,1560.432373046875,45.57899856567383,787.0618286132812,1252.1429443359375,1555.3544921875,159.29930114746094,1.5534729957580566,11.594710350036621,10.681180000305176,1.0467480421066284
2025-03-17,1586.4285888671875,45.926998138427734,788.5315551757812,1256.22265625,1549.84912109375,161.05810546875,1.548279047012329,11.569319725036621,10.631400108337402,1.046233057975769
2025-03-18,1602.228759765625,46.23899841308594,788.5498046875,1271.56640625,1546.325927734375,161.46189880371094,1.5419059991836548,11.510169982910156,10.54010009765625,1.0437430143356323
2025-03-19,1615.3619384765625,46.32400131225586,789.9022827148438,1276.58447265625,1560.3453369140625,162.77940368652344,1.5487600564956665,11.554800033569336,10.560830116271973,1.0501999855041504
2025-03-20,1614.794921875,46.33599853515625,790.2060546875,1271.2266845703125,1554.355712890625,162.33819580078125,1.5430430173873901,11.51449966430664,10.552499771118164,1.0449999570846558
2025-03-21,1610.8651123046875,46.3129997253418,789.9526977539062,1257.88525390625,1549.594970703125,162.3582000732422,1.532804012298584,11.449370384216309,10.545999526977539,1.0397599935531616
2025-03-24,1607.498779296875,46.42100143432617,788.1182861328125,1260.1768798828125,1565.22509765625,161.80670166015625,1.5293329954147339,11.407210350036621,10.527640342712402,1.04019296169281
2025-03-25,1605.4232177734375,46.50299835205078,788.2515869140625,1249.0604248046875,1565.0142822265625,162.54800415039062,1.5234880447387695,11.366390228271484,10.518400192260742,1.0409079790115356
2025-03-26,1607.9033203125,46.400001525878906,787.5802001953125,1255.0015869140625,1554.25537109375,163.83700561523438,1.5209100246429443,11.347379684448242,10.519399642944336,1.0476100444793701
2025-03-27,1598.1636962890625,46.202999114990234,787.5807495117188,1252.6873779296875,1546.4622802734375,163.11700439453125,1.522439956665039,11.35830020904541,10.57349967956543,1.0491310358047485
2025-03-28,1580.4105224609375,46.47100067138672,790.8402099609375,1231.98046875,1516.6361083984375,161.49549865722656,1.5173499584197998,11.322770118713379,10.483050346374512,1.0488120317459106
2025-03-31,1556.787841796875,45.95199966430664,791.4502563476562,1223.8372802734375,1522.9814453125,161.8914031982422,1.5206999778747559,11.34766960144043,10.484210014343262,1.0470999479293823
2025-04-01,1557.5557861328125,45.95500183105469,794.2516479492188,1219.23681640625,1520.9837646484375,162.20010375976562,1.5239499807357788,11.36991024017334,10.509929656982422,1.0462770462036133
2025-04-02,1537.9814453125,45.87699890136719,793.4813232421875,1215.80615234375,1521.556396484375,160.94070434570312,1.513759970664978,11.2947998046875,10.463709831237793,1.0449199676513672
2025-04-03,1530.49609375,45.595001220703125,798.1144409179688,1196.6549072265625,1448.0323486328125,158.73370361328125,1.5169800519943237,11.319849967956543,10.380599975585938,1.0527000427246094
2025-04-04,1460.066162109375,44.52399826049805,802.1250610351562,,1427.6734619140625,151.5384063720703,1.5285899639129639,11.4068603515625,10.329059600830078,1.0542399883270264
2025-04-07,1458.7847900390625,40.680999755859375,797.4428100585938,1155.777099609375,1423.991455078125,149.4626007080078,1.5910899639129639,11.7947998046875,10.76159954071045,1.0786789655685425
2025-04-08,1479.343505859375,41.36399841308594,792.7643432617188,1153.6983642578125,1421.567626953125,152.07159423828125,1.6028889417648315,11.972020149230957,10.965439796447754,1.0880210399627686
2025-04-09,1445.51416015625,40.96500015258789,780.9423217773438,1156.99560546875,1523.015625,147.9510955810547,1.6081689596176147,12.009900093078613,10.936479568481445,1.0922499895095825
2025-04-10,1482.94482421875,42.28499984741211,789.6565551757812,1170.8837890625,1471.79345703125,152.3144989013672,1.578879952430725,11.788439750671387,10.764240264892578,1.0799599885940552
2025-04-11,1486.88427734375,41.75199890136719,787.9491577148438,1186.486572265625,1489.9490966796875,152.98519897460938,1.6243900060653687,12.130049705505371,10.774270057678223,1.0954500436782837
2025-04-14,1523.42626953125,42.683998107910156,791.3060913085938,1183.2952880859375,1481.918212890625,156.07679748535156,1.6177699565887451,12.083230018615723,10.647480010986328,1.0880210399627686
2025-04-15,1536.51318359375,43.36399841308594,791.857666015625,1196.742919921875,1489.2772216796875,157.70010375976562,1.606044054031372,11.985099792480469,10.568699836730957,1.0804619789123535
2025-04-16,1543.4749755859375,43.39799880981445,794.2303466796875,1177.959716796875,1464.2783203125,157.7301025390625,1.6098459959030151,12.020730018615723,10.643770217895508,1.0772500038146973
2025-04-17,,43.6510009765625,,,,,1.6127010583877563,12.044300079345703,10.56410026550293,1.082368016242981
2025-04-22,1539.1895751953125,44.02799987792969,793.2861938476562,1174.6888427734375,1442.1456298828125,157.23779296875,1.5968290567398071,11.927840232849121,10.361100196838379,1.0870389938354492
2025-04-23,1570.458740234375,44.63199996948242,793.1322021484375,1204.7735595703125,1475.7105712890625,159.2113037109375,1.5806820392608643,11.844590187072754,10.433799743652344,1.0784900188446045
2025-04-24,1569.307861328125,44.505001068115234,796.4627685546875,1197.876953125,1494.924072265625,158.65969848632812,1.5954099893569946,11.913829803466797,10.515569686889648,1.0844459533691406
2025-04-25,1577.4693603515625,44.79100036621094,796.7957153320312,1202.7222900390625,1504.1468505859375,159.7093963623047,1.5866800546646118,11.848310470581055,10.418800354003906,1.081969976425171
2025-04-28,1595.5712890625,44.992000579833984,797.9360961914062,1208.6953125,1501.309326171875,160.9228973388672,1.5866930484771729,11.85534954071045,10.451299667358398,1.0765299797058105
2025-04-29,1599.7764892578125,45.402000427246094,799.1621704101562,1214.0887451171875,1511.72265625,161.21929931640625,1.5795199871063232,11.792980194091797,10.33590030670166,1.076159954071045
2025-04-30,1606.6685791015625,45.63199996948242,799.8458251953125,1216.1700439453125,1513.9676513671875,163.67630004882812,1.5820590257644653,11.813699722290039,10.371000289916992,1.0746400356292725
2025-05-01,,,,,,,1.5772089958190918,11.780200004577637,10.40149974822998,1.0772000551223755
2025-05-02,1638.173095703125,46.000999450683594,795.6757202148438,1236.763427734375,1540.278076171875,166.64019775390625,1.5789769887924194,11.765800476074219,10.410750389099121,1.0667239427566528
2025-05-05,,46.36800003051758,,,,,1.5785399675369263,11.781929969787598,10.404899597167969,1.0785160064697266
2025-05-06,1643.64013671875,46.4640007019043,795.8502197265625,1234.9622802734375,1515.2464599609375,166.04100036621094,1.5756200551986694,11.759369850158691,10.394100189208984,1.0746790170669556
2025-05-07,1671.6668701171875,46.4900016784668,797.0720825195312,1234.462646484375,1519.216552734375,167.04409790039062,1.5603840351104736,11.64048957824707,10.26259994506836,1.0712000131607056
2025-05-08,1679.048583984375,46.250999450683594,794.38330078125,1242.7843017578125,1540.6502685546875,167.21099853515625,1.5693999528884888,11.709600448608398,10.3574800491333,1.070870041847229
2025-05-09,1696.8804931640625,,793.7395629882812,1248.90625,1535.674560546875,166.2344970703125,1.5693550109863281,11.708250045776367,10.432999610900879,1.0701019763946533
2025-05-12,1710.5712890625,46.520999908447266,790.1549072265625,1277.6241455078125,1581.853759765625,167.3574981689453,1.5605000257492065,11.640589714050293,10.365400314331055,1.0659840106964111
2025-05-13,1733.4403076171875,46.73899841308594,789.4638061523438,1271.3809814453125,1585.348876953125,167.61659240722656,1.553670048713684,11.591620445251465,10.447150230407715,1.062677025794983
2025-05-14,1755.6051025390625,46.757999420166016,788.3597412109375,1281.03515625,1584.322265625,168.7310028076172,1.5537899732589722,11.59197998046875,10.362799644470215,1.0652600526809692
2025-05-15,1744.2525634765625,46.66600036621094,790.7564697265625,1296.6131591796875,1601.6898193359375,171.01930236816406,1.555780053138733,11.608869552612305,10.381400108337402,1.0640000104904175
2025-05-16,1764.4263916015625,47.48699951171875,791.9400634765625,1287.3187255859375,1607.5963134765625,172.72979736328125,1.5620570182800293,11.654549598693848,10.412240028381348,1.0686399936676025
2025-05-19,1764.0963134765625,47.40999984741211,791.384033203125,1269.24267578125,1597.3128662109375,171.9250946044922,1.5552599430084229,11.605620384216309,10.373499870300293,1.0650650262832642
2025-05-20,1769.958740234375,47.85499954223633,790.1897583007812,1267.3487548828125,1592.123046875,172.17630004882812,1.551772952079773,11.577859878540039,10.30659008026123,1.0627559423446655
2025-05-21,1782.58447265625,48.19200134277344,787.2335815429688,1257.16455078125,1555.2884521484375,173.86619567871094,1.5501389503479004,11.565799713134766,10.245980262756348,1.0625749826431274
2025-05-22,1762.3775634765625,48.04499816894531,787.7832641601562,1260.9908447265625,1560.5675048828125,171.40199279785156,1.5447520017623901,11.52610969543457,10.17199993133545,1.0618079900741577
2025-05-23,1756.059814453125,48.15999984741211,789.9396362304688,1249.799560546875,1539.4224853515625,171.64280700683594,1.543092966079712,11.51041030883789,10.202699661254883,1.0581669807434082
2025-05-26,1778.98193359375,48.099998474121094,,1253.593017578125,,172.27749633789062,1.5405999422073364,11.494020462036133,10.106780052185059,1.062235951423645
2025-05-27,1777.966064453125,48.196998596191406,793.505126953125,1247.876953125,1572.0113525390625,172.95860290527344,1.5409599542617798,11.492939949035645,10.09179973602295,1.0610400438308716
2025-05-28,1779.77294921875,48.055999755859375,792.3212890625,1250.64111328125,1566.0692138671875,171.6125030517578,1.5430400371551514,11.506429672241211,10.14999008178711,1.0546410083770752
2025-05-29,,,,,,,1.53889000415802,11.479180335998535,10.218099594116211,1.053130030632019
2025-05-30,1781.8543701171875,,794.5333862304688,1255.497314453125,1579.25634765625,172.14439392089844,1.542902946472168,11.513999938964844,10.118800163269043,1.058424949645996
2025-06-02,1789.0087890625,47.689998626708984,793.7376708984375,1230.2076416015625,1565.2840576171875,172.90980529785156,1.5527100563049316,11.5841703414917,10.208900451660156,1.064589023590088
2025-06-03,1797.5523681640625,47.72600173950195,794.0944213867188,1246.9482421875,1579.201904296875,173.07659912109375,1.5444999933242798,11.522910118103027,10.061249732971191,1.056188941001892
2025-06-04,1809.7974853515625,47.856998443603516,796.0485229492188,1256.34716796875,1576.2762451171875,174.51510620117188,1.5458600521087646,11.531390190124512,10.128800392150879,1.0527499914169312
2025-06-05,1809.6431884765625,47.8489990234375,795.2467041015625,1262.8758544921875,1565.154541015625,173.94940185546875,1.5474189519882202,11.543620109558105,10.106300354003906,1.0543739795684814
2025-06-06,1814.0546875,47.95600128173828,793.4605712890625,1272.235595703125,1586.14404296875,174.7490997314453,1.545609951019287,11.531060218811035,10.06760025024414,1.0516999959945679
2025-06-09,,,,,,,1.5435370206832886,11.515769958496094,10.09451961517334,1.0472190380096436
2025-06-10,1816.3311767578125,48.00299835205078,795.0299682617188,1286.7662353515625,1588.1748046875,175.75169372558594,1.5405139923095703,11.495820045471191,10.059599876403809,1.0486249923706055
2025-06-11,1826.9368896484375,47.91400146484375,796.216552734375,1294.967041015625,1583.833740234375,175.89559936523438,1.548140048980713,11.548870086669922,10.097570419311523,1.0527100563049316
2025-06-12,1825.0877685546875,47.45399856567383,798.379638671875,1267.9539794921875,1571.150390625,176.32960510253906,1.5493049621582031,11.557379722595215,10.044500350952148,1.0524319410324097
2025-06-13,1826.1031494140625,47.48699951171875,796.0802612304688,1252.1285400390625,1550.32861328125,176.43499755859375,1.5421799421310425,11.50426959991455,9.917400360107422,1.0502879619598389
2025-06-16,1831.1397705078125,47.37699890136719,795.7969970703125,1263.0992431640625,1561.282958984375,176.3972930908203,1.535099983215332,11.434499740600586,9.914999961853027,1.0458999872207642
2025-06-17,1810.290283203125,47.1510009765625,796.6993408203125,1256.3568115234375,1546.8468017578125,176.32249450683594,1.5339100360870361,11.441780090332031,9.870710372924805,1.0427900552749634
2025-06-18,1806.6888427734375,47.244998931884766,797.2157592773438,1261.5999755859375,1556.135986328125,176.54969787597656,1.5295729637145996,11.409859657287598,9.935999870300293,1.0395770072937012
2025-06-19,1816.364990234375,46.891998291015625,,1256.851806640625,,176.47889709472656,1.5344300270080566,11.446279525756836,9.973299980163574,1.0321300029754639
2025-06-20,1812.330078125,46.96900177001953,797.9920654296875,1276.8447265625,1572.4593505859375,176.6739044189453,1.5476900339126587,11.545900344848633,10.029899597167969,1.038604974746704
2025-06-23,1800.73779296875,,799.7498168945312,1266.0677490234375,1579.5625,176.43150329589844,1.557073950767517,11.616789817810059,10.100899696350098,1.0421010255813599
2025-06-24,1809.56494140625,47.29999923706055,800.5383911132812,1299.1998291015625,1601.6788330078125,174.90969848632812,1.5659899711608887,11.683659553527832,10.055310249328613,1.048218011856079
2025-06-25,1823.496337890625,47.20500183105469,800.2764892578125,1313.6014404296875,1603.9517822265625,175.25880432128906,1.5740480422973633,11.744179725646973,10.11382007598877,1.0627000331878662
2025-06-26,1834.6436767578125,46.895999908447266,801.398681640625,1315.333251953125,1605.80322265625,175.00759887695312,1.583359956741333,11.813830375671387,10.111249923706055,1.0684900283813477
2025-06-27,1847.413330078125,47.236000061035156,800.4022216796875,1314.24755859375,1618.7275390625,176.19520568847656,1.579990029335022,11.789159774780273,10.056489944458008,1.0600600242614746
2025-06-30,1866.4246826171875,47.22100067138672,801.9714965820312,1318.26416015625,1631.4632568359375,178.04800415039062,1.5825799703598022,11.808460235595703,10.06879997253418,1.0624510049819946
2025-07-01,1861.2501220703125,47.23099899291992,802.205078125,1315.3446044921875,1622.2626953125,176.68499755859375,1.5922900438308716,11.880379676818848,10.079299926757812,1.065750002861023
2025-07-02,1854.74755859375,47.11899948120117,799.9793701171875,1322.2435302734375,1634.1507568359375,177.8094940185547,1.5925999879837036,11.8810396194458,10.063650131225586,1.0620779991149902
2025-07-03,1873.7840576171875,47.24100112915039,799.4873046875,1323.4132080078125,1636.2652587890625,179.24020385742188,1.5897799730300903,11.869999885559082,10.053199768066406,1.0573999881744385
2025-07-04,1884.1505126953125,47.172000885009766,,1317.671630859375,,,1.5851999521255493,11.828390121459961,10.050700187683105,1.0475809574127197
2025-07-07,1897.0167236328125,47.237998962402344,797.6144409179688,1314.617431640625,1630.02001953125,179.6510009765625,1.5879000425338745,11.861860275268555,10.070369720458984,1.05131995677948
2025-07-08,1891.533203125,47.2239990234375,796.1198120117188,1324.5716552734375,1632.5745849609375,180.13510131835938,1.589732050895691,11.862170219421387,10.107099533081055,1.0620219707489014
2025-07-09,1892.863525390625,47.47700119018555,797.876220703125,1317.4639892578125,1637.747802734375,180.15939331054688,1.5859999656677246,11.831080436706543,10.092100143432617,1.0597000122070312
2025-07-10,1907.724853515625,47.87699890136719,797.7196044921875,1327.0655517578125,1642.1217041015625,180.3654022216797,1.5860999822616577,11.83279037475586,10.086700439453125,1.060873031616211
2025-07-11,1928.5899658203125,47.625,795.6502685546875,1327.901123046875,1639.3577880859375,180.7794952392578,1.5797669887542725,11.789750099182129,10.07390022277832,1.0600520372390747
2025-07-14,1949.9617919921875,47.22200012207031,795.271728515625,1321.04736328125,1640.23095703125,181.72120666503906,1.5870399475097656,11.843199729919434,10.13798999786377,1.0587049722671509
2025-07-15,1950.4437255859375,47.52399826049805,794.1416015625,1352.097900390625,1647.655029296875,181.06590270996094,1.5842000246047974,11.82509994506836,10.1358003616333,1.0534000396728516
2025-07-16,1962.910888671875,47.060001373291016,795.2592163085938,1362.0848388671875,1662.1822509765625,179.59210205078125,1.5931819677352905,11.891380310058594,10.245070457458496,1.0539100170135498
2025-07-17,1978.708984375,47.09400177001953,795.3607177734375,1362.4466552734375,1675.6021728515625,179.5059051513672,1.5975559949874878,11.927080154418945,10.251179695129395,1.0541199445724487
2025-07-18,1976.842041015625,47.3380012512207,795.965087890625,1354.5118408203125,1652.2808837890625,179.73910522460938,1.6000699996948242,11.942279815673828,10.280770301818848,1.0564199686050415
2025-07-21,1965.9251708984375,47.1879997253418,798.9520874023438,1359.798828125,1655.772705078125,178.91700744628906,1.5855439901351929,11.83314037322998,10.173480033874512,1.0530500411987305
2025-07-22,1957.8382568359375,47.22600173950195,800.2536010742188,1346.009521484375,1648.7900390625,179.10659790039062,1.5917749404907227,11.884499549865723,10.159799575805664,1.0612399578094482
2025-07-23,1958.407958984375,47.58300018310547,798.62646484375,1365.304931640625,1666.2208251953125,180.197998046875,1.5832799673080444,11.821000099182129,10.069600105285645,1.0572999715805054
2025-07-24,1957.20361328125,47.7859992980957,797.0689697265625,1365.2305908203125,1666.9952392578125,181.0968017578125,1.593000054359436,11.888569831848145,10.097450256347656,1.0611209869384766
2025-07-25,1954.7376708984375,47.49700164794922,797.4876708984375,1364.144775390625,1679.341064453125,180.2852020263672,1.5931999683380127,11.895159721374512,10.119440078735352,1.0613499879837036
2025-07-28,1954.640380859375,47.946998596191406,797.8427124023438,1362.2471923828125,1676.681640625,180.73060607910156,1.596161961555481,11.913809776306152,10.133779525756836,1.0651899576187134
2025-07-29,1960.447998046875,47.702999114990234,799.7892456054688,1362.32666015625,1681.069580078125,181.3466033935547,1.5824099779129028,11.809829711914062,10.183699607849121,1.059730052947998
2025-07-30,1948.871826171875,47.85599899291992,798.6747436523438,1372.16748046875,1682.695556640625,180.0554962158203,1.578577995300293,11.783499717712402,10.201000213623047,1.0568259954452515
2025-07-31,1963.287841796875,47.875999450683594,799.4611206054688,1366.6475830078125,1677.98046875,180.62730407714844,1.5765899419784546,11.767210006713867,10.296099662780762,1.0519230365753174
2025-08-01,1941.4599609375,47.20100021362305,803.0188598632812,1343.6707763671875,1651.87109375,178.614501953125,1.579501986503601,11.793999671936035,10.32409954071045,1.054800033569336
2025-08-04,1951.3961181640625,47.09000015258789,804.4912719726562,1357.3670654296875,1672.712158203125,180.3249969482422,1.59123694896698,11.875900268554688,10.248900413513184,1.0617599487304688
2025-08-05,1968.1148681640625,47.44200134277344,804.9198608398438,1361.738525390625,1670.095947265625,180.44219970703125,1.5914570093154907,11.876310348510742,10.252849578857422,1.0625200271606445
2025-08-06,1954.40234375,47.698001861572266,804.1469116210938,1355.730224609375,1669.826171875,180.87179565429688,1.5910600423812866,11.873270034790039,10.254409790039062,1.0596590042114258
2025-08-07,1969.6514892578125,47.880001068115234,804.1373291015625,1381.54541015625,1681.4285888671875,180.77789306640625,1.5904799699783325,11.871390342712402,10.17926025390625,1.0594569444656372
2025-08-08,1973.30517578125,48.255001068115234,802.5388793945312,1376.760986328125,1697.46923828125,180.08090209960938,1.5964839458465576,11.920260429382324,10.209309577941895,1.0672359466552734
2025-08-11,1949.13134765625,48.20500183105469,802.9278564453125,1374.085205078125,1686.9722900390625,179.35690307617188,1.6034300327301025,11.969539642333984,10.281900405883789,1.0732799768447876
2025-08-12,1953.32421875,48.422000885009766,801.6865234375,1366.6690673828125,1698.7064208984375,180.93179321289062,1.590917944908142,11.874380111694336,10.221039772033691,1.06003999710083
2025-08-13,1969.9036865234375,48.55799865722656,804.124267578125,1384.7762451171875,1704.2235107421875,180.61659240722656,1.5975919961929321,11.923110008239746,10.210860252380371,1.0693399906158447
2025-08-14,1974.7491455078125,48.917999267578125,802.2799072265625,1388.8043212890625,1706.8953857421875,180.97439575195312,1.5979499816894531,11.926090240478516,10.18220043182373,1.0671110153198242
2025-08-15,1971.4405517578125,,800.2269287109375,,1701.34912109375,181.2176055908203,1.594480037689209,11.901900291442871,10.215609550476074,1.065405011177063
2025-08-18,1976.0870361328125,49.01300048828125,799.8860473632812,1390.3846435546875,1705.3399658203125,181.30259704589844,1.5963389873504639,11.913169860839844,10.172769546508789,1.0648490190505981
2025-08-19,1978.737060546875,49.11199951171875,800.695556640625,1394.178466796875,1705.885498046875,181.7631072998047,1.5949939489364624,11.906510353088379,10.202400207519531,1.0669740438461304
2025-08-20,1969.38525390625,49.4370002746582,801.390869140625,1375.072021484375,1700.5262451171875,182.62730407714844,1.6038399934768677,11.972689628601074,10.283610343933105,1.0703099966049194
2025-08-21,1986.5936279296875,49.69300079345703,799.8616333007812,1375.0601806640625,1684.124267578125,184.21009826660156,1.597000002861023,11.921600341796875,10.231599807739258,1.0666500329971313
2025-08-22,2001.6572265625,49.777000427246094,802.144287109375,1357.361572265625,1687.32763671875,184.4468994140625,1.5827800035476685,11.815460205078125,10.175800323486328,1.0576640367507935
2025-08-25,2003.2589111328125,49.685001373291016,801.2578125,1385.53759765625,1684.778564453125,183.9716033935547,1.5796400308609009,11.79248046875,10.06663990020752,1.0583000183105469
2025-08-26,2002.7110595703125,49.16699981689453,801.7399291992188,1379.657958984375,1693.34423828125,183.44439697265625,1.575850009918213,11.765589714050293,10.13010025024414,1.055400013923645
2025-08-27,1990.9827880859375,49.21799850463867,802.1718139648438,1376.185302734375,1696.0234375,182.19700622558594,1.5788700580596924,11.787500381469727,10.126999855041504,1.0588170289993286
2025-08-28,1999.5592041015625,49.24100112915039,803.263916015625,,1694.654052734375,181.48440551757812,1.5717519521713257,11.732970237731934,10.073249816894531,1.0567140579223633
2025-08-29,1994.2991943359375,48.80500030517578,802.7840576171875,,1680.9241943359375,181.985595703125,1.5749759674072266,11.7564697265625,10.064000129699707,1.0613000392913818
2025-09-01,1988.9913330078125,48.89099884033203,,1352.3184814453125,,181.71580505371094,1.5742340087890625,11.758620262145996,10.058489799499512,1.0614019632339478
2025-09-02,1959.5059814453125,48.483001708984375,800.3787841796875,1356.738525390625,1663.4805908203125,180.29559326171875,1.5674899816513062,11.700519561767578,9.987119674682617,1.0638200044631958
2025-09-03,1964.5687255859375,48.2400016784668,802.5003662109375,1360.6116943359375,1671.981201171875,178.07350158691406,1.5649299621582031,11.676010131835938,10.035980224609375,1.0592659711837769
2025-09-04,1972.1385498046875,48.542999267578125,803.9449462890625,1365.6778564453125,1698.205322265625,179.5321044921875,1.5677369832992554,11.701769828796387,10.036089897155762,1.0646339654922485
2025-09-05,1979.8421630859375,48.689998626708984,807.35986328125,1364.7298583984375,1685.288330078125,178.8260955810547,1.5731099843978882,11.744529724121094,10.071649551391602,1.064803957939148
2025-09-08,1990.14794921875,48.59400177001953,809.0238647460938,1371.902099609375,1683.0174560546875,179.45970153808594,1.5717849731445312,11.737199783325195,10.019200325012207,1.066985011100769
2025-09-09,1993.8065185546875,48.75699996948242,808.181640625,1381.3516845703125,1680.51953125,180.09970092773438,1.571424961090088,11.735939979553223,9.97350025177002,1.0643390417099
2025-09-10,2003.5389404296875,48.797000885009766,809.16650390625,1384.049560546875,1672.66015625,182.20880126953125,1.5640950202941895,11.678420066833496,9.976099967956543,1.0620449781417847
2025-09-11,2015.156494140625,48.77199935913086,809.8972778320312,1386.7410888671875,1684.4281005859375,181.9904022216797,1.555698037147522,11.614319801330566,9.923800468444824,1.0618189573287964
2025-09-12,2003.47900390625,48.78099822998047,808.3450317382812,1402.2950439453125,1682.741943359375,182.68460083007812,1.549399971961975,11.56350040435791,9.854299545288086,1.0582350492477417
2025-09-15,2010.99267578125,48.983001708984375,809.406982421875,1401.3753662109375,1685.428955078125,183.66839599609375,1.5498900413513184,11.570150375366211,9.860400199890137,1.0570820569992065
2025-09-16,2003.3258056640625,48.63999938964844,809.5962524414062,1402.787353515625,1670.483154296875,183.40260314941406,1.547940969467163,11.552820205688477,9.820890426635742,1.0581799745559692
2025-09-17,1986.885498046875,48.361000061035156,809.0524291992188,1416.7822265625,1674.874267578125,183.13169860839844,1.5511800050735474,11.57997989654541,9.754630088806152,1.0573999881744385
2025-09-18,1991.3392333984375,48.402000427246094,807.9940795898438,1419.5716552734375,1694.633056640625,182.78460693359375,1.553820013999939,11.599699974060059,9.808440208435059,1.0560799837112427
2025-09-19,,48.518001556396484,,,,,1.5589699745178223,11.634779930114746,9.868880271911621,1.055999994277954
2025-09-22,1975.341796875,48.38100051879883,806.9578857421875,1430.3118896484375,1716.199951171875,181.8668975830078,1.5601969957351685,11.644789695739746,9.921380043029785,1.052698016166687
2025-09-23,1989.5618896484375,48.382999420166016,807.3805541992188,1425.9031982421875,1701.10107421875,182.20570373535156,1.567255973815918,11.696160316467285,9.910900115966797,1.0585500001907349
2025-09-24,1984.1363525390625,48.17900085449219,806.980224609375,1440.008544921875,1704.7147216796875,182.42039489746094,1.5641109943389893,11.673569679260254,9.880550384521484,1.0580500364303589
2025-09-25,1954.166748046875,48.09299850463867,806.0654907226562,1437.76611328125,1707.8292236328125,181.70350646972656,1.5634740591049194,11.669580459594727,9.936070442199707,1.056378960609436
2025-09-26,1948.34619140625,48.35499954223633,806.1480102539062,1416.5777587890625,1709.88134765625,183.0316925048828,1.5671000480651855,11.701499938964844,10.030269622802734,1.0590499639511108
2025-09-29,1930.3414306640625,48.551998138427734,808.1327514648438,1431.1815185546875,1714.9024658203125,182.7678985595703,1.562059998512268,11.661910057067871,9.959369659423828,1.0586600303649902
2025-09-30,1929.166748046875,48.237998962402344,807.9651489257812,1438.114501953125,1720.822998046875,182.01390075683594,1.5689899921417236,11.712249755859375,9.983599662780762,1.0596100091934204
2025-10-01,1935.4810791015625,48.75299835205078,808.968994140625,1434.8675537109375,1716.5054931640625,183.38099670410156,1.5702979564666748,11.71895980834961,9.988140106201172,1.0601799488067627
2025-10-02,1923.7281494140625,49.23099899291992,809.3389892578125,1464.696044921875,1733.6546630859375,181.6116943359375,1.5580370426177979,11.633500099182129,9.913969993591309,1.0571049451828003
2025-10-03,1931.346435546875,49.44200134277344,809.0656127929688,1462.7484130859375,1729.0166015625,182.5146942138672,1.5663100481033325,11.696249961853027,9.975099563598633,1.0611200332641602
2025-10-06,1930.130126953125,49.18299865722656,807.3564453125,,1731.6617431640625,183.4683074951172,1.5627399682998657,11.668680191040039,9.961660385131836,1.060670018196106
2025-10-07,1924.770263671875,49.36600112915039,808.1725463867188,,1728.45947265625,182.8000946044922,1.5564600229263306,11.619440078735352,9.922679901123047,1.0568809509277344
2025-10-08,1916.54833984375,49.54199981689453,808.890380859375,1466.1915283203125,1740.8409423828125,182.60870361328125,1.5555000305175781,11.612030029296875,9.964349746704102,1.0593299865722656
2025-10-09,1916.766357421875,49.59700012207031,808.20361328125,1480.3218994140625,1747.6568603515625,182.85459899902344,1.553231954574585,11.59784984588623,9.972909927368164,1.0570900440216064
2025-10-10,1916.739013671875,49.854000091552734,811.592041015625,1476.9791259765625,1716.068359375,183.256103515625,1.5586539506912231,11.640910148620605,10.064909934997559,1.0547410249710083
2025-10-13,1903.3662109375,49.590999603271484,,1461.951171875,1733.3345947265625,181.49139404296875,1.5691499710083008,11.722270011901855,10.103679656982422,1.0615899562835693
2025-10-14,1888.9078369140625,49.18600082397461,813.4973754882812,1452.5865478515625,1744.791015625,181.66119384765625,1.5620830059051514,11.666190147399902,10.086009979248047,1.060130000114441
2025-10-15,1907.2686767578125,49.53900146484375,813.9124755859375,1468.37158203125,1740.7540283203125,182.6739959716797,1.5778340101242065,11.78380012512207,10.156399726867676,1.0636260509490967
2025-10-16,1912.2271728515625,49.59000015258789,815.9354858398438,1480.978759765625,1728.672119140625,182.18569946289062,1.5743670463562012,11.757789611816406,10.095789909362793,1.065382957458496
2025-10-17,1886.58349609375,49.202999114990234,815.0613403320312,1466.7574462890625,1735.16259765625,180.6446990966797,1.5754610300064087,11.767680168151855,10.058300018310547,1.06768000125885
2025-10-20,1902.5372314453125,49.89500045776367,815.7438354492188,1480.87109375,1750.9476318359375,180.87890625,1.57014000415802,11.722999572753906,10.056619644165039,1.0643390417099
2025-10-21,1894.988525390625,50.11399841308594,816.8026733398438,1488.9754638671875,1751.233642578125,181.79640197753906,1.5662200450897217,11.697469711303711,10.045510292053223,1.0664160251617432
2025-10-22,1895.4027099609375,49.97600173950195,817.3524169921875,1479.7757568359375,1737.0770263671875,182.1417999267578,1.562690019607544,11.668700218200684,10.05935001373291,1.0664279460906982
2025-10-23,,50.106998443603516,,,,,1.5578999519348145,11.634750366210938,10.022339820861816,1.0645999908447266
2025-10-24,,,,,,,1.5498260259628296,11.57882022857666,9.96677017211914,1.0621800422668457
2025-10-27,1965.31689453125,50.391998291015625,816.2407836914062,1498.8455810546875,1769.6307373046875,182.78550720214844,1.55649995803833,11.615900039672852,9.986749649047852,1.0647499561309814
2025-10-28,1969.0462646484375,50.426998138427734,816.8163452148438,1490.4134521484375,1768.1107177734375,181.664794921875,1.5580699443817139,11.635970115661621,9.986729621887207,1.063094973564148
2025-10-29,1991.3701171875,50.290000915527344,815.0079345703125,1509.63525390625,1765.7353515625,182.09060668945312,1.5570000410079956,11.628669738769531,9.97562026977539,1.0636030435562134
2025-10-30,1958.3671875,50.28099822998047,814.4430541992188,1518.365478515625,1764.515625,180.02639770507812,1.5553840398788452,11.618169784545898,10.012800216674805,1.0638999938964844
2025-10-31,1971.9346923828125,50.45100021362305,814.3197021484375,1517.4366455078125,1780.0615234375,180.0041961669922,1.557569980621338,11.63014030456543,10.050009727478027,1.0634340047836304
2025-11-03,1970.2325439453125,50.35499954223633,813.7233276367188,1529.1588134765625,1783.7149658203125,180.8917999267578,1.561310052871704,11.661049842834473,10.115280151367188,1.06466805934906
2025-11-04,1939.5126953125,49.777000427246094,814.3311767578125,1513.453857421875,1777.10986328125,179.50320434570312,1.562041997909546,11.662949562072754,10.124879837036133,1.0667120218276978
2025-11-05,1922.913330078125,50.21799850463867,812.295654296875,1512.450439453125,1785.5589599609375,179.37930297851562,1.5722709894180298,11.743109703063965,10.224749565124512,1.0659300088882446
2025-11-06,1909.74267578125,50.3650016784668,814.1047973632812,1524.0428466796875,1771.347412109375,178.6811065673828,1.571774959564209,11.73606014251709,10.207300186157227,1.0680450201034546
2025-11-07,1884.0601806640625,50.31999969482422,813.8576049804688,1503.849853515625,1763.4427490234375,178.44590759277344,1.5764060020446777,11.773030281066895,10.193779945373535,1.0647900104522705
2025-11-10,1898.1480712890625,50.58700180053711,813.67333984375,1519.814697265625,1783.412353515625,179.14410400390625,1.5720800161361694,11.737500190734863,10.167949676513672,1.0644530057907104
2025-11-11,1894.617431640625,50.974998474121094,,1509.6014404296875,1776.318359375,180.24949645996094,1.5676549673080444,11.706830024719238,10.128549575805664,1.0643390417099
2025-11-12,1893.62353515625,51.57600021362305,815.3646850585938,1518.68896484375,1784.7474365234375,180.4364013671875,1.558851957321167,11.641599655151367,10.046480178833008,1.062677025794983
2025-11-13,1897.619384765625,51.6609992980957,813.9848022460938,1510.740234375,1751.018310546875,180.26010131835938,1.5643800497055054,11.678600311279297,10.073180198669434,1.0664399862289429
2025-11-14,1879.255615234375,51.17100143432617,812.0116577148438,1496.675048828125,1758.8885498046875,179.54229736328125,1.5606499910354614,11.655630111694336,10.022379875183105,1.065060019493103
2025-11-17,1882.31201171875,50.867000579833984,812.574951171875,1499.696044921875,1744.12109375,180.21690368652344,1.568060040473938,11.707189559936523,10.079259872436523,1.0652459859848022
2025-11-18,1847.7003173828125,50.27799987792969,812.567138671875,1476.978759765625,1731.312255859375,177.01010131835938,1.5675569772720337,11.70868968963623,10.102160453796387,1.0652010440826416
2025-11-19,1859.9918212890625,49.8489990234375,811.8592529296875,1482.0400390625,1741.40673828125,177.39849853515625,1.5671299695968628,11.703900337219238,10.106499671936035,1.0666699409484863
2025-11-20,1883.8505859375,50.255001068115234,812.5355224609375,1494.864013671875,1724.0972900390625,179.61070251464844,1.5712699890136719,11.735830307006836,10.170339584350586,1.0651899576187134
2025-11-21,1861.548095703125,50.095001220703125,814.0236206054688,1468.13818359375,1749.872802734375,178.3123016357422,1.5758600234985352,11.768540382385254,10.203100204467773,1.0694160461425781
2025-11-24,1865.1929931640625,50.499000549316406,814.94921875,1469.9970703125,1765.2353515625,179.0583953857422,1.577262043952942,11.78207015991211,10.238490104675293,1.0721100568771362
2025-11-25,1863.461669921875,50.323001861572266,816.21923828125,1485.49072265625,1783.9337158203125,179.83349609375,1.5773799419403076,11.779459953308105,10.225509643554688,1.0695760250091553
2025-11-26,1877.28076171875,50.80500030517578,816.8343505859375,1499.0389404296875,1791.3475341796875,181.20249938964844,1.5834599733352661,11.827059745788574,10.226380348205566,1.0721449851989746
2025-11-27,1908.083984375,51.10599899291992,,1489.501953125,,182.17959594726562,1.5837459564208984,11.829899787902832,10.195500373840332,1.073019027709961
2025-11-28,1928.9383544921875,51.11399841308594,816.2316284179688,1479.2275390625,1785.7393798828125,182.37420654296875,1.5778800249099731,11.785770416259766,10.16018009185791,1.0721399784088135
2025-12-01,1908.8148193359375,51.165000915527344,813.33642578125,1481.1248779296875,1778.77685546875,182.3708038330078,1.5715399980545044,11.739450454711914,10.11890983581543,1.070376992225647
2025-12-02,1907.5264892578125,51.347999572753906,813.479736328125,1489.8203125,1783.924560546875,182.72479248046875,1.5741599798202515,11.756699562072754,10.128470420837402,1.07014799118042
2025-12-03,1925.689208984375,51.53300094604492,814.42919921875,1479.16064453125,1779.3258056640625,183.6403045654297,1.5761899948120117,11.772870063781738,10.124919891357422,1.0730420351028442
2025-12-04,1941.963623046875,51.15800094604492,813.3748779296875,1486.2266845703125,1789.1787109375,183.7769012451172,1.571679949760437,11.738659858703613,10.06171989440918,1.072432041168213
2025-12-05,1972.0457763671875,51.35300064086914,811.9937133789062,1497.8714599609375,1792.3365478515625,184.63600158691406,1.576859951019287,11.777139663696289,10.11460018157959,1.0729299783706665
2025-12-08,1984.5,51.29499816894531,810.14404296875,1500.3255615234375,1794.5533447265625,185.1009063720703,1.5754339694976807,11.767239570617676,10.109219551086426,1.0748100280761719
2025-12-09,1977.0667724609375,51.4640007019043,810.4180908203125,1498.46142578125,1793.14794921875,185.4320068359375,1.5773370265960693,11.781900405883789,10.122469902038574,1.0769020318984985
2025-12-10,1970.732666015625,51.28200149536133,810.7601318359375,1504.3636474609375,1804.7330322265625,184.25079345703125,1.5797100067138672,11.796799659729004,10.146300315856934,1.0840400457382202
2025-12-11,1986.34814453125,51.319000244140625,812.2119750976562,1487.208251953125,1798.8675537109375,185.06089782714844,1.5794299840927124,11.796030044555664,10.080789566040039,1.0868970155715942
2025-12-12,1994.9410400390625,51.74700164794922,810.617919921875,1505.300048828125,1795.9091796875,185.00430297851562,1.581766963005066,11.814109802246094,10.064900398254395,1.0873500108718872
2025-12-15,1989.4400634765625,51.58300018310547,811.5350341796875,1492.751953125,1794.75244140625,186.62510681152344,1.5894279479980469,11.873089790344238,10.113570213317871,1.0911600589752197
2025-12-16,1968.8572998046875,51.82600021362305,812.4762573242188,1474.468994140625,1794.4818115234375,185.56739807128906,1.5957059860229492,11.918299674987793,10.139430046081543,1.0917860269546509
2025-12-17,1973.36572265625,51.6510009765625,812.3922729492188,1486.491455078125,1784.159423828125,186.93370056152344,1.6017400026321411,11.965319633483887,10.183659553527832,1.0940920114517212
2025-12-18,1977.935791015625,,813.4478149414062,1480.07275390625,1789.3212890625,186.97740173339844,1.6029399633407593,11.977100372314453,10.196749687194824,1.095986008644104
2025-12-19,,,,,,,1.5930360555648804,11.903949737548828,10.151049613952637,1.0931899547576904
2025-12-22,2001.7034912109375,52.060001373291016,811.1236572265625,1500.717529296875,1804.7115478515625,189.38900756835938,1.588381052017212,11.864660263061523,10.131509780883789,1.0923709869384766
2025-12-23,2009.5001220703125,52.191001892089844,812.1334228515625,1497.5384521484375,1804.926025390625,189.8428955078125,1.5911999940872192,11.888500213623047,10.102310180664062,1.0934940576553345
2025-12-24,,,,,,,1.5833059549331665,11.826769828796387,10.02649974822998,1.0933740139007568
2025-12-26,,,,,,,1.5769699811935425,11.772299766540527,9.989029884338379,1.0893000364303589
2025-12-29,2042.452392578125,52.2760009765625,814.3077392578125,1509.3685302734375,1799.0531005859375,190.74169921875,1.576956033706665,11.780799865722656,10.007610321044922,1.0896209478378296
2025-12-30,2063.5771484375,52.41999816894531,813.8936157226562,1511.500244140625,1798.849853515625,,1.5827000141143799,11.817899703979492,10.038450241088867,1.0930989980697632
2025-12-31,,,813.2714233398438,,,,1.580739974975586,11.806949615478516,10.051210403442383,1.0923110246658325
2026-01-02,2032.70556640625,52.87300109863281,812.1217041015625,,,,1.5824899673461914,11.805800437927246,10.051090240478516,1.0924099683761597
2026-01-05,2021.2454833984375,52.672000885009766,812.9531860351562,1565.1553955078125,1807.3167724609375,190.17999267578125,1.5772900581359863,11.757599830627441,10.054610252380371,1.087488055229187
2026-01-06,2039.97412109375,52.90599822998047,812.96728515625,1582.3955078125,1817.983154296875,190.9654998779297,1.5737899541854858,11.755189895629883,10.036800384521484,1.0930629968643188
2026-01-07,2051.957275390625,53.17499923706055,814.7421875,1581.679443359375,1818.4193115234375,189.6522979736328,1.5723999738693237,11.749199867248535,10.049869537353516,1.091860055923462
2026-01-08,2041.440673828125,52.79199981689453,814.014404296875,1573.56982421875,1818.8443603515625,190.0218963623047,1.5751500129699707,11.767499923706055,10.077939987182617,1.0965800285339355
2026-01-09,2048.302734375,53.03200149536133,814.66748046875,1573.84765625,1828.9195556640625,190.48629760742188,1.5722969770431519,11.75,10.078300476074219,1.0930999517440796
2026-01-12,2031.437255859375,52.94200134277344,814.8632202148438,1582.0946044921875,1824.435546875,190.51589965820312,1.5688079595565796,11.719510078430176,10.082050323486328,1.0932400226593018
2026-01-13,2029.638427734375,53.10900115966797,814.5712280273438,1592.2469482421875,1827.880859375,192.04440307617188,1.571810007095337,11.74779987335205,10.065580368041992,1.0970929861068726
2026-01-14,2018.1343994140625,53.17100143432617,815.6361083984375,1594.8128662109375,1817.681884765625,192.27780151367188,1.5713000297546387,11.742230415344238,10.085229873657227,1.0929559469223022
2026-01-15,2028.5467529296875,53.65599822998047,815.5009155273438,1604.8548583984375,1832.3004150390625,193.06309509277344,1.5671700239181519,11.710700035095215,10.053810119628906,1.0930509567260742
2026-01-16,2049.971435546875,53.68899917602539,813.7280883789062,1611.0345458984375,1829.408447265625,194.50880432128906,1.5703400373458862,11.733519554138184,10.106900215148926,1.0960700511932373
2026-01-19,2008.5101318359375,53.53300094604492,,1606.037109375,,191.50799560546875,1.5671499967575073,11.706859588623047,10.071680068969727,1.0922399759292603
2026-01-20,2018.6348876953125,52.92900085449219,810.5333251953125,1585.6260986328125,1778.5880126953125,191.55360412597656,1.567430019378662,11.710869789123535,10.061779975891113,1.0921800136566162
2026-01-21,2029.0604248046875,52.88999938964844,811.9354248046875,1582.5430908203125,1787.20751953125,191.62530517578125,1.5687930583953857,11.721540451049805,9.993260383605957,1.0950900316238403
2026-01-22,2048.3232421875,53.500999450683594,812.4727172851562,1583.8787841796875,1783.8023681640625,192.6396026611328,1.5575220584869385,11.63306999206543,9.965239524841309,1.0925019979476929
2026-01-23,2066.098876953125,53.27000045776367,812.8842163085938,1582.7745361328125,1775.9951171875,192.5131072998047,1.5498000383377075,11.576129913330078,9.847800254821777,1.0937000513076782
2026-01-26,2055.9296875,53.26900100708008,814.1702270507812,1579.5609130859375,1775.553955078125,192.36489868164062,1.5465539693832397,11.55171012878418,9.740229606628418,1.091048002243042
2026-01-27,2080.39697265625,53.56399917602539,813.5097045898438,1581.323974609375,1764.72900390625,193.0550994873047,1.5538870096206665,11.607799530029297,9.7716703414917,1.0925740003585815
2026-01-28,2070.189453125,53.55500030517578,813.34619140625,1607.97314453125,1760.414794921875,192.96929931640625,1.5429099798202515,11.523799896240234,9.588350296020508,1.0889090299606323
2026-01-29,2062.614990234375,53.722999572753906,814.1345825195312,1601.389404296875,1753.8763427734375,192.61959838867188,1.534690022468567,11.459329605102539,9.567660331726074,1.084246039390564
2026-01-30,2079.205810546875,53.816001892089844,,1573.422607421875,1744.24853515625,193.8529052734375,1.5279229879379272,11.407699584960938,9.533720016479492,1.0821460485458374
2026-02-02,2079.992431640625,54.07400131225586,813.0697021484375,1556.958740234375,1769.4578857421875,194.22030639648438,1.5308200120925903,11.419400215148926,9.63683032989502,1.078922986984253
2026-02-03,2041.1671142578125,54.87300109863281,812.7913208007812,1589.2056884765625,1753.0478515625,194.03750610351562,1.531026005744934,11.436420440673828,9.688309669494629,1.0805549621582031
2026-02-04,2026.6912841796875,55.16999816894531,812.9649047851562,1592.7972412109375,1755.947509765625,193.71080017089844,1.5214300155639648,11.368300437927246,9.616310119628906,1.0790749788284302
2026-02-05,2010.1500244140625,55.09600067138672,814.8604736328125,1579.6572265625,1748.189208984375,194.01080322265625,1.528331995010376,11.407369613647461,9.668899536132812,1.0757999420166016
2026-02-06,2038.40625,54.97600173950195,815.2119140625,1562.541748046875,1761.087646484375,197.75320434570312,1.5452189445495605,11.541000366210938,9.798999786376953,1.0808470249176025
2026-02-09,2068.01513671875,55.25600051879883,815.4296875,1580.257080078125,1760.1588134765625,198.38600158691406,1.5334800481796265,11.449239730834961,9.678560256958008,1.071984052658081
2026-02-10,2088.567138671875,55.433998107910156,817.5140991210938,1577.574951171875,1746.3236083984375,198.45309448242188,1.52593994140625,11.401530265808105,9.577549934387207,1.0718799829483032
2026-02-11,2061.8798828125,55.43899917602539,817.0015258789062,1593.055419921875,1744.8642578125,197.94869995117188,1.5143779516220093,11.311869621276855,9.514320373535156,1.0700000524520874
2026-02-12,2036.8812255859375,55.867000579833984,819.4915771484375,1593.181396484375,1720.117919921875,198.26870727539062,1.5071099996566772,11.262200355529785,9.481949806213379,1.0652120113372803
2026-02-13,2030.4097900390625,55.582000732421875,821.2039184570312,1587.7763671875,1726.5809326171875,197.48190307617188,1.5147759914398193,11.310500144958496,9.531390190124512,1.0652459859848022
2026-02-16,2051.50048828125,55.7239990234375,,,,198.58859252929688,1.5094590187072754,11.2572603225708,9.47638988494873,1.0628119707107544
2026-02-17,2028.0115966796875,55.90299987792969,822.4429931640625,,1737.5643310546875,198.40269470214844,1.5082000494003296,11.253829956054688,9.499019622802734,1.0593780279159546
2026-02-18,2089.1005859375,56.14099884033203,821.905517578125,,1732.1453857421875,201.44949340820312,1.5118399858474731,11.295769691467285,9.531000137329102,1.0620110034942627
2026-02-19,2122.963623046875,56.0369987487793,822.1917724609375,,1741.49462890625,202.10659790039062,1.5029670000076294,11.230409622192383,9.523619651794434,1.0536999702453613
2026-02-20,2151.545166015625,56.130001068115234,822.3681030273438,1599.2578125,1741.2041015625,203.94430541992188,1.5054030418395996,11.241499900817871,9.553779602050781,1.0529420375823975
2026-02-23,2141.612060546875,56.48099899291992,824.1732177734375,1621.322509765625,1735.3787841796875,202.6313018798828,1.502940058708191,11.228989601135254,9.487970352172852,1.0524799823760986
2026-02-24,2148.44189453125,56.48699951171875,824.5260009765625,1625.145263671875,1745.823974609375,202.49159240722656,1.5096269845962524,11.281399726867676,9.559639930725098,1.0546000003814697
2026-02-25,2161.0302734375,56.935001373291016,823.9279174804688,1652.8829345703125,1758.7874755859375,203.5767059326172,1.506788969039917,11.258919715881348,9.559009552001953,1.056344985961914
2026-02-26,2145.69287109375,57.012001037597656,824.9865112304688,1657.1729736328125,1754.1650390625,203.04049682617188,1.5094189643859863,11.271300315856934,9.541720390319824,1.0579880475997925
2026-02-27,2157.665283203125,57.21799850463867,827.1124267578125,1640.6678466796875,1742.5302734375,204.56350708007812,1.5085619688034058,11.275910377502441,9.549690246582031,1.054407000541687
2026-03-02,2140.91162109375,56.45500183105469,824.230224609375,1628.2508544921875,1747.3089599609375,204.4447021484375,1.4972610473632812,11.185400009155273,9.512290000915527,1.0460799932479858
2026-03-03,2110.2041015625,54.75199890136719,821.4354858398438,1590.889404296875,1744.107666015625,201.04969787597656,1.4991159439086914,11.19629955291748,9.573169708251953,1.045204997062683
2026-03-04,2158.777587890625,54.691001892089844,822.0626831054688,1519.2757568359375,1738.99365234375,204.02830505371094,1.501170039176941,11.215060234069824,9.657429695129395,1.0419379472732544
2026-03-05,2159.8291015625,54.9379997253418,818.8331909179688,1557.9010009765625,1735.1568603515625,203.5198974609375,1.499263048171997,11.194700241088867,9.62285041809082,1.0489599704742432
2026-03-06,2126.6064453125,54.46900177001953,817.659423828125,1543.464599609375,1702.654052734375,202.7487030029297,1.5027400255203247,11.218700408935547,9.666950225830078,1.0478099584579468
2026-03-09,2093.58642578125,52.91299819946289,818.2127075195312,1501.043212890625,1710.19970703125,202.00929260253906,1.4883220195770264,11.10219955444336,9.634249687194824,1.0400420427322388
2026-03-10,2123.747314453125,54.33700180053711,818.7454833984375,1549.3699951171875,1713.80078125,202.96510314941406,1.4918999671936035,11.134200096130371,9.589859962463379,1.0492000579833984
2026-03-11,2123.442626953125,53.832000732421875,814.90478515625,1570.0361328125,1717.3824462890625,203.21710205078125,1.4974149465560913,11.173199653625488,9.629599571228027,1.0501999855041504
2026-03-12,2115.504150390625,53.8390007019043,812.7344970703125,1548.154296875,1697.8846435546875,204.09930419921875,1.4929670095443726,11.155599594116211,9.665249824523926,1.0443799495697021
2026-03-13,2124.60400390625,53.71200180053711,811.2620849609375,1536.3929443359375,1696.6422119140625,204.6894073486328,1.4948480129241943,11.155400276184082,9.688199996948242,1.0365699529647827
2026-03-16,2150.800048828125,53.840999603271484,813.53369140625,1538.9764404296875,1701.4986572265625,206.73809814453125,1.4942870140075684,11.157899856567383,9.760669708251953,1.0299190282821655
2026-03-17,2153.205322265625,54.22800064086914,815.157470703125,1541.433837890625,1694.3931884765625,206.46969604492188,1.4883509874343872,11.124059677124023,9.673190116882324,1.034540057182312
2026-03-18,2168.57373046875,54.584999084472656,813.378173828125,1560.00537109375,1673.5628662109375,207.05149841308594,1.4797559976577759,11.05659008026123,9.581290245056152,1.0324180126190186
2026-03-19,2137.46630859375,53.207000732421875,812.3037719726562,1510.71728515625,1652.9901123046875,206.29150390625,1.4727400541305542,11.006440162658691,9.600549697875977,1.0204800367355347
2026-03-20,2106.91455078125,53.141998291015625,807.2000732421875,1502.503173828125,1636.396484375,203.8607940673828,1.471532940864563,10.976200103759766,9.490050315856934,1.0191080570220947
2026-03-23,,51.047000885009766,,,,,1.4810400009155273,11.057700157165527,9.566550254821777,1.0233010053634644
